"invoice_id","supplier_name","category","invoice_date","status","amount_usd","comment"
"INV-736173","Novapackaging ","Facility","2024-06-25 ","Approved","$2,239.34","match to PO required; cost center 118 "
"INV-457083"," NovaPack ","Logistics"," 2024-05-09"," On Hold ","USD 6, 914.40"," three-way match complete; cost center 117"
"INV-640902"," Nova Packaging ","Logistics ","2024-02-09 "," Approved","$9,421.98"," price variance escalated; cost center 104 "
"INV-640902","Novapackaging","Logistics "," 2024-02-09 "," Approved","$9,421.98"," duplicate submit; consolidate in close process"
"INV-942016"," HELIOS ROBOTICS "," Cloud","2024-01-10","Pending "," $2,591.42 "," price variance escalated; cost center 116"
"INV-168657","Astra Supplies ","Hardware"," 2024-01-21","Approved"," $2,162.80 ","vendor submitted via portal; cost center 110 "
"INV-353130"," VertexLogistics ","Cloud ","2024-06-18 "," Rejected"," $4,399.60 ","price variance escalated; cost center 104 "
"INV-298570"," HELIOS ROBOTICS ","Logistics"," 2024-03-19 "," Approved"," USD 9,645.15","vendor submitted via portal; cost center 109"
"INV-651701"," Astra Supplies"," Cloud ","2024-07-13","Pending","USD 6,604.29","requires VAT documentation; cost center 113 "
"INV-173248"," Astra Spp "," Logistics","2024-09-03 ","Pending "," USD 5, 392.35","price variance escalated; cost center 108 "
"INV-708766","HELIOS ROBOTICS"," Cloud"," 2024-04-17 ","Approved "," $7,267.18 ","vendor submitted via portal; cost center 103 "
"INV-868672","HELIOS ROBOTICS","Logistics ","2024-02-04 ","Approved "," $2,627.65"," three-way match complete; cost center 100 "
"INV-869911","Lumen-Analytics","Software","2024-05-26 "," Rejected","$2,726.44","three-way match complete; cost center 107"
"INV-134279","Zenith Comp."," Cloud","2024-02-28","Approved","$5,884.56 "," pending shipping confirmation; cost center 115 "
"INV-666369"," HeliosRobotics "," Facility ","2024-04-06"," Approved "," USD 6,838.96 ","requires VAT documentation; cost center 119 "
"INV-405543"," LumenAnalytic","Logistics "," 2024-03-08 ","Approved "," USD 9,939.85","match to PO required; cost center 117"
"INV-541089","Lumen Analytics "," Logistics"," 2024-08-31 "," Pending "," USD 6,347.69","three-way match complete; cost center 115 "
"INV-241415"," Helios Robotics","Facility "," 2024-02-27 "," Approved ","$500.52 ","vendor submitted via portal; cost center 101 "
"INV-160146","Nova Packaging "," Software","2024-08-14"," Approved "," $3,369.71"," requires VAT documentation; cost center 111 "
"INV-862571","Nova Packaging"," Logistics"," 2024-01-11"," Approved "," USD 6,232.29 "," three-way match complete; cost center 103"
"INV-537665","Zenith Component ","Logistics ","2024-06-15"," Pending ","$6,337.67"," three-way match complete; cost center 106 "
"INV-130435","Astra suppl. ","Software ","2024-01-09 ","On Hold"," $4,747.28","requires VAT documentation; cost center 103 "
"INV-130435"," AstraSupply"," Software "," 2024-01-09","On Hold","$4,747.28"," duplicate submit; consolidate in close process "
"INV-295877"," Zenith Components"," Hardware "," 2024-05-15"," Approved "," $5,646.97 ","match to PO required; cost center 115 "
"INV-319598"," Vertex-Logistics"," Logistics "," 2024-05-26 "," Approved ","USD 3, 021.46 "," pending shipping confirmation; cost center 107 "
"INV-913169"," Vertex-Logistics "," Logistics"," 2024-02-02 ","Pending "," USD 4, 138.90 ","pending shipping confirmation; cost center 102"
"INV-646062","Astra-Supplies"," Professional Services "," 2024-06-12 ","Pending","USD 4, 530.16 "," match to PO required; cost center 114 "
"INV-586969"," NovaPack "," Hardware","2024-09-28 ","Pending ","USD 5,991.69 "," requires VAT documentation; cost center 102"
"INV-744645","Helios-Robotics","Facility","2024-04-12"," Pending"," USD 8, 537.61","requires VAT documentation; cost center 108 "
"INV-534291","Helios Robotics","Cloud ","2024-06-07 ","Rejected"," $2,896.66 ","three-way match complete; cost center 117 "
"INV-335868"," Helios-Robotics"," Logistics ","2024-03-12 ","Approved"," USD 4, 603.23","requires VAT documentation; cost center 101"
"INV-461315","Zenith Component","Professional Services ","2024-08-24 "," Approved"," $6,366.18","requires VAT documentation; cost center 101"
"INV-235476"," Lumen-Analytics ","Software"," 2024-01-04","Approved "," $2,764.88"," pending shipping confirmation; cost center 119 "
"INV-394426"," HELIOS ROBOTICS "," Cloud","2024-03-09","Approved"," $9,622.48 "," pending shipping confirmation; cost center 105"
"INV-881079"," Zenith Component ","Logistics ","2024-05-24 ","Approved "," $8,341.25 "," requires VAT documentation; cost center 102 "
"INV-707074","Zenith Comp. ","Facility "," 2024-03-01","Pending "," USD 3, 095.13 ","vendor submitted via portal; cost center 103"
"INV-931871"," Lumen Analytics","Logistics","2024-08-08","Approved ","USD 3, 603.61","three-way match complete; cost center 112 "
"INV-265179"," AstraSupply "," Cloud "," 2024-06-13 ","Approved "," $3,459.84 ","match to PO required; cost center 103"
"INV-265179"," Astra suppl."," Cloud","2024-06-13","Approved","$3,459.84","duplicate submit; consolidate in close process"
"INV-187317"," VertexLogistics "," Logistics","2024-04-17 ","Approved"," $1,748.44 "," price variance escalated; cost center 111 "
"INV-254735"," Zenith Components "," Hardware ","2024-08-01"," Rejected","USD 1,673.21 "," price variance escalated; cost center 106"
"INV-860161"," VertexLogistics"," Cloud"," 2024-05-20"," Pending ","$3,364.65 ","price variance escalated; cost center 109"
"INV-972855","Vertex Log.","Software ","2024-03-22 "," Approved"," USD 822.36","match to PO required; cost center 111"
"INV-651425"," HeliosRobotics ","Facility"," 2024-02-07 ","Pending"," USD 3, 043.75","match to PO required; cost center 109 "
"INV-282789"," Lumen-Analytics","Professional Services","2024-01-13"," On Hold ","USD 9, 625.64 ","price variance escalated; cost center 100 "
"INV-718026","Vertex Logistics "," Professional Services "," 2024-07-14","Approved"," USD 6, 006.41","price variance escalated; cost center 112"
"INV-495779","Helios Robotix","Professional Services "," 2024-04-30"," On Hold","USD 892.50 "," price variance escalated; cost center 107"
"INV-306430"," Nova-Packaging","Software "," 2024-04-09"," Approved"," USD 5, 274.23 ","match to PO required; cost center 111"
"INV-439409","Novapackaging "," Software "," 2024-02-09 ","On Hold"," $2,685.47","three-way match complete; cost center 107"
"INV-824652","AstraSupply","Facility ","2024-05-28 ","Approved"," USD 6,115.83 "," vendor submitted via portal; cost center 103"
"INV-494184","Helios Robotics ","Software"," 2024-01-11","Rejected","$9,837.59 "," vendor submitted via portal; cost center 112 "
"INV-645660","Astra-Supplies ","Cloud ","2024-09-02 ","Approved "," $8,543.33 "," match to PO required; cost center 114 "
"INV-355217","Astra-Supplies","Facility"," 2024-05-29","Approved "," $2,934.94"," three-way match complete; cost center 118 "
"INV-139580"," Vertex-Logistics ","Professional Services","2024-09-17"," On Hold","$2,146.73"," three-way match complete; cost center 113"
"INV-925645"," AstraSupply","Hardware ","2024-08-07","Approved"," $5,890.35 ","match to PO required; cost center 111"
"INV-912079"," Lumen-Analytics"," Software","2024-02-04"," On Hold","$8,768.75"," match to PO required; cost center 108 "
"INV-127932","ZenithComponents","Facility ","2024-07-19","Approved ","USD 2,992.89","pending shipping confirmation; cost center 109"
"INV-280953","Lumen Analytics "," Cloud"," 2024-02-28"," Rejected "," $3,841.56","three-way match complete; cost center 110 "
"INV-415409","Nova Packaging "," Logistics","2024-05-20","Approved ","$9,585.50","pending shipping confirmation; cost center 118"
"INV-530350"," AstraSupply"," Software"," 2024-09-19"," Approved "," USD 1, 135.46 ","price variance escalated; cost center 109 "
"INV-533069","Zenith Components ","Hardware"," 2024-05-12"," On Hold "," $6,532.38 ","pending shipping confirmation; cost center 116"
"INV-757330","Vtx Logistics "," Cloud "," 2024-01-06 ","Approved ","$7,975.69"," vendor submitted via portal; cost center 109"
"INV-560033"," ZenithComponents"," Logistics ","2024-06-14"," Rejected ","$2,895.64","three-way match complete; cost center 100"
"INV-560033"," Zenith Component "," Logistics","2024-06-14 "," Rejected","$2,895.64 ","duplicate submit; consolidate in close process "
"INV-361689","Lumen-Analytics"," Hardware ","2024-08-26"," On Hold ","USD 5,026.52 ","three-way match complete; cost center 104 "
"INV-400555"," Vertex Log. "," Cloud ","2024-01-20","On Hold","$627.34"," requires VAT documentation; cost center 114 "
"INV-277656","Lumen-Analytics"," Professional Services"," 2024-03-21"," Approved "," $1,385.19","price variance escalated; cost center 104"
"INV-415550","Vertex Log."," Professional Services","2024-05-07 "," Approved "," $4,323.68 ","three-way match complete; cost center 112"
"INV-164648"," ZenithComponents","Logistics ","2024-05-19 "," On Hold"," USD 971.73"," pending shipping confirmation; cost center 104 "
"INV-836651"," Novapackaging","Hardware","2024-04-22"," On Hold "," USD 5, 574.87"," pending shipping confirmation; cost center 113"
"INV-223752","Zenith Comp.","Facility"," 2024-07-09","Pending ","USD 4, 615.09 "," match to PO required; cost center 109 "
"INV-543726","Novapackaging"," Software "," 2024-04-30"," Approved","USD 3,091.57 "," match to PO required; cost center 105 "
"INV-543726","Novapackaging","Software ","2024-04-30","Approved "," USD 3,091.57 "," duplicate submit; consolidate in close process"
"INV-119456"," Helios-Robotics ","Facility "," 2024-01-19","Approved","$9,285.13 "," price variance escalated; cost center 116 "
"INV-812837"," Lumen-Analytics"," Facility "," 2024-02-28 "," Approved","$2,585.24"," vendor submitted via portal; cost center 106"
"INV-972452"," NovaPack"," Hardware ","2024-04-09 "," Approved"," $1,491.60"," vendor submitted via portal; cost center 101 "
"INV-972452","Novapackaging "," Hardware","2024-04-09"," Approved ","$1,491.60 ","duplicate submit; consolidate in close process"
"INV-916001","HeliosRobotics","Professional Services"," 2024-03-07 "," Approved","$2,162.92","requires VAT documentation; cost center 119 "
"INV-744597"," Nova Packg.","Professional Services"," 2024-08-25"," Approved","USD 833.16"," requires VAT documentation; cost center 100 "
"INV-828723"," Helios Robotix "," Logistics","2024-02-25"," On Hold","$4,011.97 ","requires VAT documentation; cost center 102"
"INV-887217","Vertex-Logistics ","Facility ","2024-07-16","On Hold"," $876.03 ","price variance escalated; cost center 104 "
"INV-149426"," Lumen Analytics","Cloud "," 2024-09-07","Approved "," USD 582.71 ","pending shipping confirmation; cost center 109"
"INV-598262"," Helios Robotix ","Software ","2024-02-20 ","Approved"," USD 5,317.31 ","match to PO required; cost center 113"
"INV-753595"," Nova Packaging ","Cloud ","2024-09-26 ","Approved "," $7,588.31"," three-way match complete; cost center 116"
"INV-899745","Zenith-Components"," Professional Services","2024-06-03 ","Pending "," USD 4, 634.17 "," requires VAT documentation; cost center 107"
"INV-572219","Astra-Supplies "," Hardware","2024-05-08 "," Rejected "," $3,691.79","price variance escalated; cost center 100"
"INV-100428"," HELIOS ROBOTICS ","Hardware ","2024-03-04"," Rejected"," USD 6,821.75"," pending shipping confirmation; cost center 104"
"INV-268448"," Zenith Comp. "," Professional Services"," 2024-03-17"," Rejected ","$5,986.85"," pending shipping confirmation; cost center 109 "
"INV-278573"," Zenith-Components ","Professional Services "," 2024-02-05"," Approved"," $6,161.87","price variance escalated; cost center 103"
"INV-127304"," HELIOS ROBOTICS","Logistics "," 2024-07-01"," On Hold ","$9,845.43"," requires VAT documentation; cost center 105 "
"INV-127304"," Helios-Robotics"," Logistics "," 2024-07-01","On Hold "," $9,845.43","duplicate submit; consolidate in close process "
"INV-511897"," NovaPack","Logistics "," 2024-02-14 "," Approved ","USD 6, 657.65"," pending shipping confirmation; cost center 100 "
"INV-258469"," Astra suppl.","Cloud"," 2024-01-17 "," On Hold","$1,744.80 ","match to PO required; cost center 101 "
"INV-852011"," HELIOS ROBOTICS "," Logistics ","2024-08-29 ","Approved","$908.80 ","pending shipping confirmation; cost center 109"
"INV-729471","Astra Supplies","Software "," 2024-04-08"," Approved","USD 6,504.28 "," pending shipping confirmation; cost center 107 "
"INV-729471"," Astra suppl. "," Software "," 2024-04-08 ","Approved"," USD 6,504.28 ","duplicate submit; consolidate in close process "
"INV-428675"," Nova-Packaging ","Software","2024-09-06"," On Hold ","$7,299.78","requires VAT documentation; cost center 112 "
"INV-733245","Lumen-Analytics","Hardware","2024-09-08 ","Rejected"," $8,937.26 ","vendor submitted via portal; cost center 100 "
"INV-603347","Lumen Analytics"," Logistics"," 2024-02-04"," On Hold"," $8,068.30 "," price variance escalated; cost center 109 "
"INV-525996"," Vtx Logistics"," Software "," 2024-03-21 ","Pending","USD 6, 589.46"," match to PO required; cost center 100 "
"INV-632348","Helios Robotix "," Cloud"," 2024-03-28 "," Approved ","$1,054.73 "," match to PO required; cost center 103"
"INV-963669"," Zenith Comp.","Professional Services"," 2024-04-14","Pending "," $1,470.10 "," requires VAT documentation; cost center 103"
"INV-842254"," Nova Packaging","Hardware"," 2024-07-16 "," Pending "," USD 6,780.51 "," vendor submitted via portal; cost center 112 "
"INV-824368","Vertex Log.","Professional Services "," 2024-07-02 "," Rejected ","$5,245.71 ","price variance escalated; cost center 116"
"INV-450706"," Novapackaging","Cloud "," 2024-04-29"," Approved ","USD 902.53 "," price variance escalated; cost center 105"
"INV-992495"," ZenithComponents"," Hardware ","2024-02-25 "," Pending ","USD 509.28 ","pending shipping confirmation; cost center 116"
"INV-246194"," Vertex Logistics","Professional Services ","2024-07-15","Approved "," $4,125.94 ","price variance escalated; cost center 102 "
"INV-979210"," Zenith Components ","Logistics "," 2024-04-09 "," Approved "," $6,219.85 ","vendor submitted via portal; cost center 116 "
"INV-973879","Astra Supplies "," Logistics","2024-08-15","Approved","USD 4, 317.14 "," three-way match complete; cost center 119 "
"INV-830362","Helios Robotix"," Logistics","2024-03-29 "," Rejected "," $2,970.06 ","price variance escalated; cost center 100"
"INV-104738","Vtx Logistics ","Hardware"," 2024-06-23 "," Pending","$8,587.93","match to PO required; cost center 119"
"INV-252200","Astra Supplies"," Hardware"," 2024-02-04"," Approved ","$7,855.85","match to PO required; cost center 114"
"INV-316492","Astra Spp","Logistics"," 2024-09-28"," Approved ","USD 3, 278.64"," price variance escalated; cost center 104 "
"INV-236461"," Nova-Packaging ","Hardware"," 2024-01-13 "," Approved "," $3,354.23"," requires VAT documentation; cost center 106"
"INV-236461"," NovaPack "," Hardware"," 2024-01-13 "," Approved "," $3,354.23 "," duplicate submit; consolidate in close process "
"INV-187709"," Lumen Analytix "," Hardware ","2024-08-22 "," Approved","$5,176.32","pending shipping confirmation; cost center 111"
"INV-543576","AstraSupply"," Software "," 2024-09-04 "," Rejected","USD 4, 678.49 ","requires VAT documentation; cost center 113"
"INV-887797"," Lumen-Analytics "," Cloud "," 2024-09-23 "," Approved"," USD 7, 013.34"," price variance escalated; cost center 115 "
"INV-122587","Vertex Logistics ","Cloud"," 2024-01-25 "," Rejected"," $3,787.23"," three-way match complete; cost center 117 "
"INV-943199"," VertexLogistics "," Software ","2024-02-12 "," Approved","$2,832.03","price variance escalated; cost center 107 "
"INV-586907"," Zenith-Components ","Software","2024-02-27","Approved "," $5,502.21","requires VAT documentation; cost center 117 "
"INV-132735"," VertexLogistics","Logistics "," 2024-09-11","Approved ","USD 3, 849.27 "," vendor submitted via portal; cost center 101"
"INV-632427"," Zenith Comp. ","Professional Services "," 2024-06-20","Approved"," USD 3, 624.30","three-way match complete; cost center 119 "
"INV-634097","AstraSupply ","Hardware","2024-08-30 ","Approved "," USD 2, 668.09 ","three-way match complete; cost center 114"
"INV-433530","NovaPack"," Facility "," 2024-06-15"," Pending "," $2,554.20 ","price variance escalated; cost center 102 "
"INV-520907","Vertex Log. ","Cloud","2024-01-15","Approved","$3,106.56 ","three-way match complete; cost center 105 "
"INV-251931"," LumenAnalytic"," Hardware "," 2024-01-14 "," Approved"," $3,447.50"," three-way match complete; cost center 100 "
"INV-642341"," LumenAnalytic","Facility ","2024-06-24 "," Approved","$682.11 ","match to PO required; cost center 103 "
"INV-674904","AstraSupply","Hardware"," 2024-07-30 ","Approved","$5,979.78 "," three-way match complete; cost center 117 "
"INV-962533","Nova Packg."," Logistics "," 2024-05-27"," Approved ","$6,537.14","vendor submitted via portal; cost center 118 "
"INV-962533"," Novapackaging"," Logistics ","2024-05-27 "," Approved"," $6,537.14 "," duplicate submit; consolidate in close process"
"INV-520176"," Astra-Supplies","Software"," 2024-03-30","Rejected","$9,147.11","pending shipping confirmation; cost center 101"
"INV-974249","ZenithComponents ","Cloud "," 2024-08-30 ","Approved ","$7,001.38 ","three-way match complete; cost center 103 "
"INV-304046"," Lumen-Analytics","Cloud"," 2024-07-02 "," Approved "," USD 529.85 "," pending shipping confirmation; cost center 106 "
"INV-525681"," Zenith Components ","Software"," 2024-08-04 ","Approved ","$8,919.69","three-way match complete; cost center 104"
"INV-259307"," VertexLogistics ","Cloud"," 2024-01-01","Approved"," USD 9,312.81"," pending shipping confirmation; cost center 101"
"INV-738286","Zenith-Components ","Cloud","2024-03-17","Approved ","USD 5,960.13 ","three-way match complete; cost center 112 "
"INV-167426"," LumenAnalytics "," Cloud ","2024-04-08"," Approved "," $7,428.99","vendor submitted via portal; cost center 112 "
"INV-714131"," Vertex Log. ","Software"," 2024-05-26","Rejected"," USD 9,446.60"," price variance escalated; cost center 113"
"INV-471298","ZenithComponents ","Professional Services","2024-02-04"," Pending ","$1,073.35 "," three-way match complete; cost center 111"
"INV-879445"," Lumen Analytics ","Hardware","2024-02-01","On Hold ","$9,594.10 ","three-way match complete; cost center 104"
"INV-323708"," Astra suppl. ","Logistics"," 2024-06-04","Approved"," $6,025.93","requires VAT documentation; cost center 117 "
"INV-681721"," Astra Spp","Hardware","2024-04-13"," Approved"," $5,122.35 "," price variance escalated; cost center 102"
"INV-426558","AstraSupply "," Cloud ","2024-09-19 ","Approved"," USD 6,818.07 "," price variance escalated; cost center 107 "
"INV-809555","Lumen Analytics ","Facility "," 2024-06-21","Approved","$3,123.65"," pending shipping confirmation; cost center 104 "
"INV-930816"," Lumen Analytics","Cloud "," 2024-03-15 "," Approved","$8,629.62 "," vendor submitted via portal; cost center 116 "
"INV-515328"," Zenith-Components"," Facility"," 2024-07-11"," Rejected ","USD 9,218.70 "," three-way match complete; cost center 118 "
"INV-145668"," VertexLogistics"," Software"," 2024-03-16 "," Approved ","$3,889.05 ","vendor submitted via portal; cost center 110"
"INV-159873","Nova-Packaging "," Facility","2024-03-08"," Pending ","$9,307.52 ","pending shipping confirmation; cost center 104 "
"INV-159873"," Nova Packg. "," Facility ","2024-03-08","Pending"," $9,307.52"," duplicate submit; consolidate in close process "
"INV-206940"," HELIOS ROBOTICS "," Software","2024-08-31"," On Hold"," $1,369.46 ","pending shipping confirmation; cost center 118"
"INV-692017"," Lumen Analytix "," Hardware ","2024-07-12","On Hold "," $3,052.77 "," three-way match complete; cost center 106 "
"INV-692017","Lumen-Analytics"," Hardware","2024-07-12 "," On Hold"," $3,052.77"," duplicate submit; consolidate in close process "
"INV-900778"," Novapackaging"," Cloud"," 2024-04-16","On Hold "," $7,793.70","price variance escalated; cost center 105"
"INV-507089","Vertex Log. ","Hardware "," 2024-02-13 ","Approved ","$1,832.84"," requires VAT documentation; cost center 107 "
"INV-376766"," Lumen-Analytics "," Logistics"," 2024-02-05 ","Approved"," $684.52 "," match to PO required; cost center 110 "
"INV-891442","HeliosRobotics"," Cloud"," 2024-03-19","Approved "," USD 2,291.83"," pending shipping confirmation; cost center 109"
"INV-979586"," Zenith Components","Logistics ","2024-07-20"," Rejected "," USD 8, 942.51 "," requires VAT documentation; cost center 105 "
"INV-487091"," Zenith Component"," Cloud","2024-07-01","Pending "," USD 4,233.38 ","requires VAT documentation; cost center 105"
"INV-835790"," AstraSupply"," Facility"," 2024-06-12 "," Pending ","USD 6, 798.22 ","three-way match complete; cost center 104"
"INV-268573","VertexLogistics "," Hardware"," 2024-01-23","On Hold ","$3,399.37","pending shipping confirmation; cost center 100 "
"INV-503323"," VertexLogistics ","Facility ","2024-03-03 "," Rejected "," $7,748.64"," price variance escalated; cost center 117 "
"INV-854195","AstraSupply"," Cloud "," 2024-08-10"," Pending"," USD 4, 745.18","match to PO required; cost center 116 "
"INV-806632","Lumen Analytics"," Logistics "," 2024-05-22 "," Pending","$5,118.61 ","price variance escalated; cost center 115 "
"INV-554030"," Novapackaging","Cloud"," 2024-07-27","Rejected "," USD 2, 823.65","match to PO required; cost center 111"
"INV-501463"," VertexLogistics"," Facility "," 2024-02-23","Approved ","$4,249.97"," price variance escalated; cost center 117"
"INV-337720","ZenithComponents","Hardware","2024-05-12"," On Hold"," $1,136.10 "," three-way match complete; cost center 115 "
"INV-850881","Astra Spp","Cloud","2024-04-25","Approved","$7,940.61","vendor submitted via portal; cost center 105 "
"INV-245242"," Astra Supplies","Hardware "," 2024-08-07 "," Approved"," $3,400.28 "," requires VAT documentation; cost center 101 "
"INV-591230"," Nova Packg."," Hardware "," 2024-09-07 "," Pending ","USD 8, 349.34 ","match to PO required; cost center 114 "
"INV-709451","NovaPack","Professional Services","2024-09-10"," Approved ","$3,249.68 "," match to PO required; cost center 107 "
"INV-709451","NovaPack "," Professional Services"," 2024-09-10","Approved ","$3,249.68 ","duplicate submit; consolidate in close process"
"INV-291879","Vtx Logistics ","Professional Services"," 2024-08-13 "," On Hold "," USD 1,148.48","price variance escalated; cost center 109 "
"INV-840526","HeliosRobotics"," Professional Services ","2024-01-20 "," Approved ","$573.80 "," match to PO required; cost center 101 "
"INV-798791"," Lumen Analytics ","Logistics ","2024-03-14","Approved","$4,013.21","requires VAT documentation; cost center 101"
"INV-995898","Vertex-Logistics","Software","2024-04-10","Approved ","USD 7,056.20"," pending shipping confirmation; cost center 116 "
"INV-170188","ZenithComponents","Professional Services"," 2024-02-09","Pending ","USD 5,158.21 ","match to PO required; cost center 113"
"INV-868799"," Astra-Supplies "," Cloud","2024-07-25"," Approved "," $7,724.27"," match to PO required; cost center 104 "
"INV-635036","HeliosRobotics","Logistics "," 2024-04-03"," Approved ","USD 7, 460.65 ","requires VAT documentation; cost center 111"
"INV-739248","Vtx Logistics "," Cloud "," 2024-05-28 ","Approved ","$9,464.49","pending shipping confirmation; cost center 106"
"INV-188751"," Astra Spp","Software","2024-06-08 "," Pending ","USD 8, 653.30 ","vendor submitted via portal; cost center 111 "
"INV-575059"," NovaPack "," Cloud"," 2024-04-30 "," Pending ","$4,198.25"," three-way match complete; cost center 119"
"INV-887185","Lumen Analytix","Hardware ","2024-03-19"," Pending","USD 925.30 ","vendor submitted via portal; cost center 103 "
"INV-107569","Astra-Supplies","Hardware","2024-07-01 ","On Hold ","USD 6,517.94"," three-way match complete; cost center 102 "
"INV-166126"," Novapackaging ","Cloud ","2024-09-13 ","On Hold ","USD 2, 166.09","match to PO required; cost center 117"
"INV-272493"," Nova-Packaging","Professional Services ","2024-09-26"," Pending ","$9,724.27","match to PO required; cost center 103"
"INV-657501","Vertex Log."," Facility "," 2024-06-13","Approved"," USD 7, 821.36 ","match to PO required; cost center 117 "
"INV-128285"," Vertex Logistics"," Cloud"," 2024-07-23 ","Approved "," $2,055.35","three-way match complete; cost center 105 "
"INV-526265","Helios-Robotics"," Facility","2024-09-02 "," Approved","USD 2, 109.21 ","vendor submitted via portal; cost center 115"
"INV-526265","Helios-Robotics ","Facility ","2024-09-02 ","Approved "," USD 2, 109.21 "," duplicate submit; consolidate in close process"
"INV-907808"," ZenithComponents "," Cloud"," 2024-05-11 "," Approved"," $4,488.99","vendor submitted via portal; cost center 108 "
"INV-325957"," Astra-Supplies","Logistics ","2024-09-19 ","On Hold"," $4,074.32","three-way match complete; cost center 110 "
"INV-459382"," Astra-Supplies "," Logistics ","2024-02-08 ","Rejected"," USD 1, 206.90 ","requires VAT documentation; cost center 107 "
"INV-600514"," Helios Robotix ","Logistics "," 2024-05-15 ","Approved","$5,185.42","requires VAT documentation; cost center 110"
"INV-600514"," Helios-Robotics","Logistics"," 2024-05-15 ","Approved"," $5,185.42 "," duplicate submit; consolidate in close process"
"INV-875034","Lumen Analytix "," Logistics "," 2024-09-03","Pending"," USD 7,159.38 "," vendor submitted via portal; cost center 113"
"INV-311964","Astra-Supplies "," Professional Services "," 2024-07-20"," Approved ","USD 1,292.66","pending shipping confirmation; cost center 115 "
"INV-968055"," Vertex Log. ","Facility "," 2024-08-02 ","On Hold","$3,780.09"," match to PO required; cost center 114 "
"INV-846639"," Lumen-Analytics "," Facility "," 2024-05-23 "," Approved","$3,191.06 "," pending shipping confirmation; cost center 117"
"INV-484398","Astra Spp","Hardware ","2024-09-15 "," Approved","$7,945.41","requires VAT documentation; cost center 101"
"INV-733186","Zenith-Components ","Professional Services "," 2024-05-02"," On Hold ","USD 1, 032.12","requires VAT documentation; cost center 109"
"INV-838280"," Helios-Robotics"," Software ","2024-09-03 "," Approved","$8,296.70 "," vendor submitted via portal; cost center 101 "
"INV-891965","NovaPack","Hardware","2024-04-03","Rejected "," USD 541.28 ","three-way match complete; cost center 103 "
"INV-493250"," Astra-Supplies","Software "," 2024-05-26"," Approved "," $2,883.32","vendor submitted via portal; cost center 112 "
"INV-430173"," Helios-Robotics "," Hardware ","2024-06-07","Rejected"," USD 6,905.67"," match to PO required; cost center 101 "
"INV-561682","Helios-Robotics"," Software ","2024-09-12"," Approved"," $5,437.89 ","vendor submitted via portal; cost center 107 "
"INV-321534"," Lumen Analytix"," Logistics"," 2024-02-15"," On Hold "," $9,228.96 ","requires VAT documentation; cost center 110"
"INV-550866"," NovaPack","Facility ","2024-08-01"," Approved"," $9,417.75","vendor submitted via portal; cost center 118"
"INV-348743"," Lumen Analytix","Hardware","2024-04-13","Approved ","$4,095.47 "," three-way match complete; cost center 116 "
"INV-716732","Vertex Log."," Hardware"," 2024-07-12","Pending"," $6,589.56 ","price variance escalated; cost center 106 "
"INV-146457"," Nova Packaging"," Professional Services ","2024-02-05 ","Approved ","$7,695.06","requires VAT documentation; cost center 111 "
"INV-703962"," Vtx Logistics ","Logistics "," 2024-01-03 ","Pending "," USD 3, 907.94 ","pending shipping confirmation; cost center 116 "
"INV-703962"," VertexLogistics "," Logistics "," 2024-01-03 "," Pending ","USD 3, 907.94"," duplicate submit; consolidate in close process"
"INV-525807","Vertex-Logistics "," Software "," 2024-04-28 ","Approved ","$6,808.44 "," three-way match complete; cost center 104"
"INV-616949"," Vertex-Logistics","Cloud "," 2024-04-25"," Approved "," $7,663.99 ","requires VAT documentation; cost center 102"
"INV-567113"," Astra Supplies","Software "," 2024-07-27","Approved "," $8,634.01","pending shipping confirmation; cost center 104 "
"INV-607683","Nova Packaging"," Facility","2024-08-23"," Approved ","USD 5, 946.56"," vendor submitted via portal; cost center 119"
"INV-895042","HeliosRobotics ","Software "," 2024-02-20"," Approved","USD 4,205.94"," requires VAT documentation; cost center 100 "
"INV-867155"," LumenAnalytic "," Facility ","2024-07-01 "," Approved ","USD 7, 532.19 "," three-way match complete; cost center 106 "
"INV-894943","Lumen Analytics "," Professional Services","2024-02-26","Approved "," USD 9, 015.40 ","pending shipping confirmation; cost center 115 "
"INV-136503"," Helios Robotics"," Professional Services","2024-02-03","Approved"," $9,325.15 "," three-way match complete; cost center 103 "
"INV-144338","Vertex Log."," Logistics ","2024-08-25","Pending "," $2,149.82 ","requires VAT documentation; cost center 110"
"INV-572495"," Astra Spp"," Professional Services","2024-08-12 ","Approved ","USD 8,083.33","match to PO required; cost center 110 "
"INV-941392"," NovaPack ","Facility","2024-05-30 "," Approved"," $6,132.83"," three-way match complete; cost center 106"
"INV-978399","Zenith Components"," Facility"," 2024-02-05","Approved"," $8,984.20"," three-way match complete; cost center 113 "
"INV-894934","NovaPack","Software ","2024-04-19"," Pending ","$9,937.16"," match to PO required; cost center 107 "
"INV-145929","Nova-Packaging","Professional Services "," 2024-06-05"," Approved "," $2,718.24 "," match to PO required; cost center 101"
"INV-730596","Astra-Supplies"," Professional Services ","2024-08-20 "," Pending ","$4,072.09 "," price variance escalated; cost center 109 "
"INV-444764","Vertex Logistics","Professional Services "," 2024-01-12"," Pending"," USD 5, 387.71 ","three-way match complete; cost center 105 "
"INV-356564"," HELIOS ROBOTICS ","Logistics ","2024-09-22","Approved","USD 1,857.61 "," three-way match complete; cost center 113"
"INV-313330","Zenith Components","Professional Services"," 2024-04-02 "," On Hold "," $534.91"," price variance escalated; cost center 108 "
"INV-771085","NovaPack","Hardware","2024-02-05 ","Approved","$3,575.96 "," vendor submitted via portal; cost center 115"
"INV-771085"," Nova-Packaging"," Hardware"," 2024-02-05 ","Approved ","$3,575.96"," duplicate submit; consolidate in close process "
"INV-739580"," Vtx Logistics","Logistics "," 2024-06-18 "," Approved"," $9,091.95","three-way match complete; cost center 104 "
"INV-962445"," Nova Packaging ","Facility "," 2024-03-10","On Hold","$8,466.27 ","requires VAT documentation; cost center 116 "
"INV-569792"," HeliosRobotics ","Logistics","2024-03-06"," Pending"," $2,488.18"," price variance escalated; cost center 111"
"INV-513271","Lumen-Analytics "," Software ","2024-06-09 "," Approved","USD 5, 059.72 ","vendor submitted via portal; cost center 119 "
"INV-751598","Astra-Supplies "," Professional Services "," 2024-04-19 ","Approved","$4,909.01 "," pending shipping confirmation; cost center 101 "
"INV-421912","Lumen Analytix ","Facility"," 2024-05-29 "," Pending "," $5,847.72 "," pending shipping confirmation; cost center 119 "
"INV-497513","Zenith-Components","Logistics","2024-01-13 ","On Hold ","$6,737.56"," three-way match complete; cost center 108"
"INV-497513","Zenith-Components","Logistics","2024-01-13 ","On Hold "," $6,737.56 "," duplicate submit; consolidate in close process "
"INV-934774"," AstraSupply","Hardware "," 2024-05-18 "," Approved","USD 6, 006.08"," price variance escalated; cost center 119"
"INV-892415"," VertexLogistics ","Hardware","2024-02-23 "," Pending ","$7,051.09"," three-way match complete; cost center 109"
"INV-943935","Astra Supplies "," Cloud"," 2024-01-09"," Approved","$6,203.64 "," pending shipping confirmation; cost center 115 "
"INV-527730"," AstraSupply ","Cloud ","2024-09-06","Approved","$6,033.62 "," vendor submitted via portal; cost center 103 "
"INV-857049"," Zenith Comp. "," Hardware"," 2024-06-21 ","Rejected"," USD 6,329.74 "," pending shipping confirmation; cost center 104"
"INV-420829"," Nova Packg. "," Cloud","2024-04-15","On Hold ","USD 3, 433.32","pending shipping confirmation; cost center 111 "
"INV-869064"," Astra Supplies "," Professional Services "," 2024-02-17 ","Approved","$9,037.12 "," vendor submitted via portal; cost center 103"
"INV-368855"," Lumen-Analytics","Professional Services ","2024-02-02","On Hold","USD 1,942.87 "," price variance escalated; cost center 106"
"INV-901830"," LumenAnalytic","Software"," 2024-02-08 ","Pending "," USD 9, 266.28 ","three-way match complete; cost center 104"
"INV-901830","Lumen-Analytics","Software "," 2024-02-08 ","Pending"," USD 9, 266.28","duplicate submit; consolidate in close process "
"INV-738637","LumenAnalytics","Logistics ","2024-07-23 ","Approved","$9,992.74","three-way match complete; cost center 116"
"INV-382203","Astra Supplies","Hardware","2024-09-13","Approved"," $8,945.79","three-way match complete; cost center 115"
"INV-572007"," ZenithComponents ","Hardware","2024-07-22"," Approved "," $2,746.55 ","vendor submitted via portal; cost center 108 "
"INV-287949"," Zenith Components ","Facility"," 2024-07-23"," Pending ","USD 5,202.91 ","three-way match complete; cost center 112"
"INV-292516"," Nova Packg. ","Cloud","2024-08-04"," Pending","$8,449.07"," match to PO required; cost center 113"
"INV-774667","Nova-Packaging ","Facility","2024-06-06","On Hold"," $5,747.53","three-way match complete; cost center 114 "
"INV-774667","Novapackaging ","Facility"," 2024-06-06 ","On Hold"," $5,747.53 ","duplicate submit; consolidate in close process"
"INV-220094","Zenith Comp."," Hardware"," 2024-02-09"," Approved"," $7,751.96"," vendor submitted via portal; cost center 116 "
"INV-143413","LumenAnalytic"," Professional Services "," 2024-01-28"," Approved","$5,138.98"," vendor submitted via portal; cost center 109"
"INV-825657"," LumenAnalytics "," Professional Services","2024-05-25"," On Hold "," USD 4,543.10"," requires VAT documentation; cost center 112"
"INV-257882","Zenith Component "," Facility","2024-04-05"," Approved","USD 5,938.11","pending shipping confirmation; cost center 100 "
"INV-607588"," Vertex-Logistics "," Facility "," 2024-04-01","On Hold "," USD 1,974.35","vendor submitted via portal; cost center 101 "
"INV-752315","Vertex Logistics "," Logistics"," 2024-05-18 ","Approved"," $3,214.23","match to PO required; cost center 105 "
"INV-738091"," Helios-Robotics ","Facility "," 2024-08-21","On Hold ","$2,573.53"," pending shipping confirmation; cost center 119 "
"INV-367252","Helios Robotix"," Hardware","2024-07-21"," Approved "," USD 7,981.80"," match to PO required; cost center 114"
"INV-593804"," ZenithComponents","Facility"," 2024-08-18 "," On Hold"," USD 6,307.69"," three-way match complete; cost center 108"
"INV-462458"," Zenith Component "," Logistics","2024-06-02 ","Approved "," $7,343.12 "," three-way match complete; cost center 107"
"INV-327558","AstraSupply "," Professional Services ","2024-02-18 "," Pending"," $7,367.69 ","requires VAT documentation; cost center 106 "
"INV-163763","Zenith Component "," Software ","2024-04-20 "," Approved ","$3,964.54 ","requires VAT documentation; cost center 117"
"INV-730137","Vertex-Logistics "," Logistics ","2024-07-29","Approved "," $7,174.15","pending shipping confirmation; cost center 105"
"INV-730137"," Vtx Logistics","Logistics "," 2024-07-29 ","Approved "," $7,174.15","duplicate submit; consolidate in close process"
"INV-977841"," HeliosRobotics"," Hardware ","2024-03-19 ","Rejected"," USD 1,861.55 "," three-way match complete; cost center 115"
"INV-253779"," Lumen-Analytics "," Software ","2024-05-12"," Pending ","USD 5, 756.47 "," price variance escalated; cost center 110"
"INV-493160"," Helios Robotix "," Professional Services "," 2024-05-26"," Approved"," $5,007.29","vendor submitted via portal; cost center 117"
"INV-501313","Astra-Supplies "," Professional Services"," 2024-08-04 ","Approved "," $8,796.65"," pending shipping confirmation; cost center 102 "
"INV-598891"," Nova Packg."," Logistics "," 2024-04-15 "," Pending ","$3,797.49 ","pending shipping confirmation; cost center 102 "
"INV-134257"," Nova-Packaging"," Hardware "," 2024-09-16 ","On Hold","$2,455.75","match to PO required; cost center 116"
"INV-766777"," HeliosRobotics"," Software "," 2024-05-21 ","On Hold","$4,603.38 "," pending shipping confirmation; cost center 110 "
"INV-913417"," Lumen Analytics"," Cloud"," 2024-06-10"," Approved ","$5,068.71"," vendor submitted via portal; cost center 116"
"INV-913417","Lumen-Analytics","Cloud "," 2024-06-10 "," Approved","$5,068.71","duplicate submit; consolidate in close process"
"INV-702465","Zenith Comp. "," Facility ","2024-09-22","Approved","USD 8, 767.20 "," three-way match complete; cost center 116 "
"INV-867168"," Astra Supplies "," Professional Services ","2024-05-21"," Approved"," $9,694.11 ","match to PO required; cost center 114 "
"INV-576032"," LumenAnalytics ","Facility"," 2024-03-04"," Approved"," USD 3, 236.70 "," requires VAT documentation; cost center 116"
"INV-866452","Nova-Packaging"," Professional Services ","2024-02-08","Approved"," USD 7, 273.19","pending shipping confirmation; cost center 116 "
"INV-459017"," Helios Robotix"," Professional Services"," 2024-01-29","Rejected"," $6,144.86 "," vendor submitted via portal; cost center 110"
"INV-861643","HELIOS ROBOTICS","Facility","2024-01-29"," Approved "," $2,917.03 ","price variance escalated; cost center 108"
"INV-950030","Nova Packg.","Software","2024-08-20 "," Approved","$4,273.08","vendor submitted via portal; cost center 100"
"INV-757011","HeliosRobotics","Hardware","2024-09-26 "," Approved","$779.91","price variance escalated; cost center 104 "
"INV-613931","NovaPack","Software","2024-02-23 "," Pending "," USD 7,232.79 "," vendor submitted via portal; cost center 109 "
"INV-781258","Lumen Analytics"," Software "," 2024-02-03","Rejected"," USD 7, 369.08"," vendor submitted via portal; cost center 110 "
"INV-535606","VertexLogistics ","Hardware","2024-05-03"," On Hold "," USD 3, 374.78","price variance escalated; cost center 103 "
"INV-535606","Vertex Log."," Hardware ","2024-05-03","On Hold "," USD 3, 374.78 "," duplicate submit; consolidate in close process"
"INV-686002"," LumenAnalytic ","Hardware"," 2024-05-13","Approved ","USD 8,999.15"," price variance escalated; cost center 119"
"INV-697182","NovaPack ","Logistics ","2024-03-19"," Rejected","USD 9,528.38 ","three-way match complete; cost center 116 "
"INV-862679"," Astra suppl."," Facility","2024-03-31"," Pending","USD 4, 081.48 ","pending shipping confirmation; cost center 115 "
"INV-200878","Lumen Analytix ","Professional Services "," 2024-03-02","Approved","$1,351.38"," match to PO required; cost center 109"
"INV-217197","HELIOS ROBOTICS "," Software","2024-07-22","Pending"," $1,767.15 "," price variance escalated; cost center 105"
"INV-326544","LumenAnalytics ","Logistics ","2024-04-11 "," Approved","USD 633.31 "," match to PO required; cost center 103 "
"INV-445600"," Zenith Components ","Cloud ","2024-06-07","Pending ","$5,144.24"," match to PO required; cost center 101 "
"INV-759445","Novapackaging"," Professional Services","2024-05-16 "," Pending","USD 7, 826.40 "," price variance escalated; cost center 104 "
"INV-306320"," Vertex-Logistics"," Facility ","2024-01-07"," Rejected ","$7,130.79 ","three-way match complete; cost center 103 "
"INV-625178"," Lumen Analytics ","Facility "," 2024-02-04"," Approved"," USD 7, 219.55 "," vendor submitted via portal; cost center 113 "
"INV-928544","Zenith Components "," Professional Services","2024-07-31"," Rejected","USD 1, 705.72"," requires VAT documentation; cost center 103"
"INV-682453","Novapackaging ","Professional Services","2024-07-02 "," Approved ","$5,663.07","three-way match complete; cost center 100 "
"INV-836838"," VertexLogistics "," Facility "," 2024-02-11 ","Pending","USD 5,909.48","three-way match complete; cost center 117"
"INV-255317","Nova Packg."," Facility","2024-01-07 "," On Hold "," $5,217.73 ","price variance escalated; cost center 117"
"INV-389522","LumenAnalytics ","Professional Services"," 2024-07-24 ","Approved","$6,241.30","pending shipping confirmation; cost center 101"
"INV-808648"," AstraSupply","Hardware"," 2024-01-18","Approved "," USD 1,555.96 ","three-way match complete; cost center 114 "
"INV-861944"," Astra-Supplies","Cloud ","2024-02-21 "," Pending"," $5,633.14"," pending shipping confirmation; cost center 108"
"INV-506100","Helios Robotix","Cloud"," 2024-06-07 "," Approved","USD 7, 235.95 ","match to PO required; cost center 100 "
"INV-105203","ZenithComponents ","Professional Services "," 2024-02-21"," Approved "," USD 9, 741.64"," pending shipping confirmation; cost center 116"
"INV-341444","Zenith Components ","Logistics","2024-03-08 ","Approved"," $2,611.40","requires VAT documentation; cost center 103"
"INV-341871","Zenith Comp."," Software ","2024-08-04 ","On Hold ","$5,422.36","match to PO required; cost center 118 "
"INV-972145","HELIOS ROBOTICS","Facility ","2024-02-20"," Approved","USD 5, 291.98 "," match to PO required; cost center 112"
"INV-822657","HeliosRobotics "," Software","2024-05-21 ","Approved ","$4,528.34"," requires VAT documentation; cost center 118 "
"INV-401373"," VertexLogistics ","Professional Services "," 2024-04-07 "," Pending","$5,973.10 ","match to PO required; cost center 106"
"INV-401373"," Vertex Logistics","Professional Services","2024-04-07 "," Pending"," $5,973.10","duplicate submit; consolidate in close process "
"INV-647849"," Astra Spp ","Logistics"," 2024-01-12 ","On Hold","$1,420.82","three-way match complete; cost center 105 "
"INV-937373"," AstraSupply","Professional Services","2024-02-28","On Hold"," $6,039.34"," match to PO required; cost center 111"
"INV-527759","LumenAnalytic"," Cloud","2024-02-17 ","On Hold"," $2,952.67 ","pending shipping confirmation; cost center 116"
"INV-199377","VertexLogistics "," Software","2024-09-14 "," Approved ","$1,430.95","pending shipping confirmation; cost center 116 "
"INV-175494","Vertex-Logistics "," Logistics","2024-04-27"," Rejected","$4,813.37 "," vendor submitted via portal; cost center 113 "
"INV-175494"," Vtx Logistics ","Logistics "," 2024-04-27","Rejected","$4,813.37 ","duplicate submit; consolidate in close process "
"INV-333066","AstraSupply "," Software "," 2024-07-18 "," Approved "," USD 695.51 ","vendor submitted via portal; cost center 101"
"INV-432854"," LumenAnalytics"," Facility","2024-09-11","Pending"," $6,547.73","requires VAT documentation; cost center 104"
"INV-912866"," NovaPack"," Software","2024-05-31 "," Approved","$2,020.79 ","pending shipping confirmation; cost center 113"
"INV-553169","Astra Supplies ","Logistics"," 2024-09-12","Approved ","$7,163.51 ","three-way match complete; cost center 113 "
"INV-119391","Astra Supplies","Facility ","2024-01-07","Approved","$7,124.26 "," three-way match complete; cost center 117 "
"INV-481138","LumenAnalytics ","Professional Services ","2024-09-20"," Approved "," $6,507.52 "," requires VAT documentation; cost center 102 "
"INV-481138","LumenAnalytic","Professional Services ","2024-09-20","Approved ","$6,507.52"," duplicate submit; consolidate in close process "
"INV-761950"," Astra Spp"," Hardware ","2024-01-15 ","Approved "," $3,404.41","requires VAT documentation; cost center 114"
"INV-573893","LumenAnalytic","Logistics ","2024-05-06 "," On Hold "," $3,976.92"," match to PO required; cost center 114 "
"INV-167306"," Vertex-Logistics"," Hardware"," 2024-07-05","Rejected"," $6,024.62 "," match to PO required; cost center 102 "
"INV-233734","Vertex Log. ","Facility","2024-04-20","Rejected ","USD 6, 094.89 ","price variance escalated; cost center 101 "
"INV-774375"," Vertex-Logistics "," Logistics","2024-05-14 "," Approved"," $721.32 ","match to PO required; cost center 117 "
"INV-516359","Nova Packaging "," Professional Services "," 2024-06-03 "," Approved","USD 4,761.35"," three-way match complete; cost center 118 "
"INV-808260","Vertex Log. "," Logistics","2024-07-22 ","Approved ","USD 2, 665.35 ","pending shipping confirmation; cost center 115 "
"INV-332514","Astra-Supplies ","Software ","2024-01-05","Pending ","$7,472.49 ","vendor submitted via portal; cost center 117"
"INV-877607"," Zenith Component "," Professional Services ","2024-07-30 "," On Hold "," USD 2,416.50","match to PO required; cost center 113"
"INV-775139"," Zenith Components"," Logistics"," 2024-04-25"," On Hold"," USD 8, 866.05"," three-way match complete; cost center 117 "
"INV-396484"," Nova-Packaging ","Logistics ","2024-05-16 "," Approved"," $4,010.88","vendor submitted via portal; cost center 103 "
"INV-204060"," Astra suppl. ","Hardware ","2024-06-04 "," Rejected"," $6,946.02 "," pending shipping confirmation; cost center 117 "
"INV-164984","Nova Packaging "," Software "," 2024-06-03 ","Approved"," $6,432.89 ","pending shipping confirmation; cost center 119 "
"INV-906135","Vtx Logistics ","Professional Services "," 2024-06-15 "," Approved"," $9,538.66","match to PO required; cost center 118"
"INV-564528","Lumen Analytics "," Professional Services "," 2024-01-02 ","On Hold","USD 7,642.75 "," price variance escalated; cost center 106"
"INV-292709"," Lumen Analytics","Hardware "," 2024-05-28","Approved","USD 3,728.62 "," match to PO required; cost center 109 "
"INV-124046","Helios Robotix ","Hardware "," 2024-05-24 "," Pending ","USD 3,328.65 "," price variance escalated; cost center 105 "
"INV-199789"," AstraSupply","Facility ","2024-04-21 ","Approved ","USD 6, 124.00 ","pending shipping confirmation; cost center 116 "
"INV-476984","NovaPack"," Cloud"," 2024-06-15 ","Pending","USD 3, 388.61","vendor submitted via portal; cost center 117 "
"INV-322023","Vtx Logistics"," Logistics"," 2024-02-23"," Approved "," $6,336.58 ","requires VAT documentation; cost center 118 "
"INV-322023"," Vertex Log. "," Logistics"," 2024-02-23 "," Approved "," $6,336.58"," duplicate submit; consolidate in close process "
"INV-547620"," Lumen Analytix","Professional Services ","2024-01-21"," Approved ","$1,773.52 "," vendor submitted via portal; cost center 103"
"INV-763880","Nova-Packaging "," Facility"," 2024-09-06","Pending","USD 2, 885.72 "," three-way match complete; cost center 107 "
"INV-750062"," ZenithComponents","Logistics ","2024-06-11 "," Approved ","USD 8, 070.77"," vendor submitted via portal; cost center 109"
"INV-727221"," Lumen-Analytics","Cloud "," 2024-01-18","Pending "," USD 8,961.04 "," vendor submitted via portal; cost center 118 "
"INV-183714","HELIOS ROBOTICS","Logistics ","2024-08-11","On Hold ","USD 9, 690.80"," price variance escalated; cost center 118"
"INV-193011"," Lumen-Analytics ","Cloud ","2024-05-07 "," Rejected "," USD 692.14","match to PO required; cost center 108 "
"INV-257381"," ZenithComponents"," Hardware "," 2024-02-26 ","Pending","USD 7,255.28"," pending shipping confirmation; cost center 110 "
"INV-739596"," Helios Robotics","Professional Services ","2024-07-08","Approved"," $9,931.42 "," price variance escalated; cost center 104 "
"INV-272112","HeliosRobotics "," Software ","2024-04-23 "," On Hold","USD 5,622.25","pending shipping confirmation; cost center 116 "
"INV-230745","Zenith Comp.","Professional Services"," 2024-03-05"," Rejected "," $8,043.36 ","vendor submitted via portal; cost center 101 "
"INV-575805"," Zenith Comp."," Hardware ","2024-04-22 ","Approved "," USD 2, 877.39 ","vendor submitted via portal; cost center 115"
"INV-316412"," Zenith Component ","Software ","2024-08-08 ","Approved "," $1,403.23","three-way match complete; cost center 116 "
"INV-888036","Helios Robotics","Facility","2024-01-23","Pending"," USD 7, 735.12","match to PO required; cost center 106"
"INV-609397","VertexLogistics "," Professional Services"," 2024-08-07","On Hold"," $1,288.76","requires VAT documentation; cost center 112 "
"INV-591165","Helios Robotix ","Hardware"," 2024-01-06 ","Approved "," USD 2,460.85 "," vendor submitted via portal; cost center 112 "
"INV-118277"," Vertex-Logistics","Hardware","2024-03-26"," Approved "," $4,088.46 "," vendor submitted via portal; cost center 106 "
"INV-148624","Astra-Supplies"," Cloud "," 2024-02-16 ","Approved ","$7,083.52","requires VAT documentation; cost center 117 "
"INV-280220"," Vertex Log. "," Logistics","2024-03-15 ","Approved ","$9,649.25 "," match to PO required; cost center 110 "
"INV-229551","AstraSupply"," Hardware ","2024-08-14 ","Approved","USD 651.97 ","requires VAT documentation; cost center 114"
"INV-278781"," Zenith Component ","Logistics "," 2024-09-26 ","Rejected ","$7,384.85"," match to PO required; cost center 106 "
"INV-734676","ZenithComponents "," Hardware"," 2024-01-17 ","Approved","USD 2,950.34 "," vendor submitted via portal; cost center 100 "
"INV-829529"," Astra-Supplies ","Professional Services","2024-08-02 ","On Hold"," USD 7, 576.99","requires VAT documentation; cost center 107"
"INV-535723","Vertex Logistics"," Cloud","2024-05-31"," Pending ","USD 2,379.86 ","vendor submitted via portal; cost center 109 "
"INV-788040"," Lumen Analytix ","Software ","2024-09-03"," On Hold","USD 3, 923.08 "," match to PO required; cost center 117"
"INV-416959","Nova Packg.","Software ","2024-03-26","Approved"," USD 3, 815.21 "," three-way match complete; cost center 117"
"INV-771212","Astra suppl.","Cloud ","2024-08-03 "," Pending","$4,035.98","three-way match complete; cost center 107 "
"INV-433098","Novapackaging "," Cloud"," 2024-02-29","Approved","$9,174.61"," requires VAT documentation; cost center 119"
"INV-670604"," Astra suppl. "," Cloud ","2024-02-17 ","Approved"," $4,114.85"," vendor submitted via portal; cost center 111 "
"INV-339330","Zenith Comp. "," Hardware "," 2024-07-22","Pending ","USD 1, 644.12 ","requires VAT documentation; cost center 119"
"INV-744891","Zenith Comp. ","Professional Services","2024-08-05"," Rejected ","$3,963.31"," three-way match complete; cost center 116 "
"INV-339111"," Novapackaging","Software","2024-06-24","Approved"," $8,491.85 ","vendor submitted via portal; cost center 103 "
"INV-963082"," LumenAnalytic","Facility "," 2024-06-02 "," Approved"," USD 1, 101.65 "," requires VAT documentation; cost center 102"
"INV-777909"," Nova-Packaging "," Hardware","2024-03-22","Rejected"," USD 775.25 "," price variance escalated; cost center 115 "
"INV-522125","Lumen Analytix"," Software ","2024-09-10 ","Rejected "," $8,196.62 "," pending shipping confirmation; cost center 107 "
"INV-639420"," Nova Packaging "," Cloud","2024-06-24 "," Pending "," $1,997.82 "," match to PO required; cost center 110 "
"INV-605387","Lumen-Analytics "," Software "," 2024-04-02 ","Pending ","$8,036.63 ","match to PO required; cost center 106"
"INV-398781"," Vtx Logistics","Hardware"," 2024-08-24","Pending","$9,884.06 "," requires VAT documentation; cost center 110"
"INV-265201","Vertex Log. ","Cloud "," 2024-02-02 "," Pending","$8,849.61 "," three-way match complete; cost center 116 "
"INV-816120","Helios Robotix"," Facility"," 2024-09-22 ","On Hold"," USD 6, 165.15 "," price variance escalated; cost center 108"
"INV-433840","Nova Packg."," Cloud","2024-07-27 ","Approved "," $9,228.93 ","three-way match complete; cost center 109"
"INV-109843","Nova-Packaging","Software ","2024-07-10 ","Approved ","$7,868.45","vendor submitted via portal; cost center 106 "
"INV-367047"," Vertex Logistics ","Professional Services ","2024-04-14","Pending"," $9,221.81 ","requires VAT documentation; cost center 114"
"INV-602776","Lumen Analytics ","Facility ","2024-06-01"," Pending "," $2,365.67","vendor submitted via portal; cost center 100"
"INV-449311"," Helios Robotics"," Facility "," 2024-01-28 "," On Hold "," USD 6,071.31 "," price variance escalated; cost center 101"
"INV-449311"," Helios-Robotics "," Facility"," 2024-01-28"," On Hold"," USD 6,071.31 ","duplicate submit; consolidate in close process "
"INV-125873","Astra-Supplies "," Cloud ","2024-04-11","Approved"," $748.27"," vendor submitted via portal; cost center 111 "
"INV-439659","Astra suppl. ","Professional Services","2024-01-20 "," Approved","USD 7, 593.31"," match to PO required; cost center 102 "
"INV-656195","Vertex-Logistics ","Professional Services","2024-04-02 "," Pending"," $3,038.94 "," price variance escalated; cost center 101 "
"INV-572343","Helios-Robotics ","Logistics ","2024-04-03","Pending","$9,546.49 ","price variance escalated; cost center 110"
"INV-255798","Astra Supplies","Professional Services","2024-03-01"," Approved","USD 3,601.67 ","vendor submitted via portal; cost center 105"
"INV-124766"," Helios Robotics","Facility"," 2024-08-01 "," Approved","$1,789.66"," price variance escalated; cost center 109 "
"INV-341100","Vertex-Logistics"," Facility ","2024-06-28 "," Rejected "," USD 2,144.04 ","match to PO required; cost center 106"
"INV-408175","NovaPack ","Logistics ","2024-09-27 ","Approved","$6,531.11 ","vendor submitted via portal; cost center 108"
"INV-203824"," Novapackaging"," Hardware "," 2024-07-06"," Approved "," $6,522.08"," pending shipping confirmation; cost center 118 "
"INV-203824"," Nova-Packaging ","Hardware","2024-07-06"," Approved ","$6,522.08 "," duplicate submit; consolidate in close process"
"INV-176937","Nova Packaging ","Logistics ","2024-05-11"," Approved"," $4,042.29","pending shipping confirmation; cost center 100"
"INV-548550"," Lumen Analytix ","Cloud "," 2024-03-07"," Approved "," $3,373.18","three-way match complete; cost center 103 "
"INV-970531"," Helios Robotix","Cloud "," 2024-06-26","Approved","USD 4, 762.57 "," three-way match complete; cost center 108"
"INV-970531"," Helios-Robotics ","Cloud "," 2024-06-26 ","Approved"," USD 4, 762.57 ","duplicate submit; consolidate in close process"
"INV-405045"," LumenAnalytic"," Cloud"," 2024-06-03","On Hold "," $772.52 "," price variance escalated; cost center 119"
"INV-248635"," Novapackaging","Logistics "," 2024-06-30","Pending","$1,854.62 "," requires VAT documentation; cost center 110 "
"INV-412173","Zenith Components","Cloud"," 2024-09-07 "," Approved","$9,838.59 ","price variance escalated; cost center 115 "
"INV-520958"," Zenith Component "," Facility "," 2024-06-10"," On Hold"," USD 1, 621.93 ","three-way match complete; cost center 105"
"INV-767500"," Lumen Analytix "," Cloud ","2024-03-25"," Approved "," $3,424.89","requires VAT documentation; cost center 117 "
"INV-412239","Zenith Components"," Logistics ","2024-05-12","Approved"," $2,877.36","three-way match complete; cost center 109 "
"INV-708578"," Astra suppl. "," Software "," 2024-06-18","Approved "," USD 6,264.37"," match to PO required; cost center 111"
"INV-119309","Zenith Component","Software","2024-08-22","Approved "," USD 7,662.68 ","vendor submitted via portal; cost center 115 "
"INV-685151","Zenith Comp.","Hardware","2024-07-17"," Pending","USD 5, 695.09"," vendor submitted via portal; cost center 101 "
"INV-366716","Helios Robotics"," Professional Services"," 2024-07-31"," Approved","USD 7,824.34 "," pending shipping confirmation; cost center 108 "
"INV-110669"," LumenAnalytics "," Cloud "," 2024-08-15"," Approved","USD 2,850.29"," requires VAT documentation; cost center 108"
"INV-544535","Helios Robotics ","Cloud","2024-09-08"," On Hold ","$6,296.14 "," pending shipping confirmation; cost center 101"
"INV-833921","Vertex Log. ","Logistics ","2024-07-22 "," Pending "," USD 9,196.30","vendor submitted via portal; cost center 105"
"INV-329151"," Vertex Logistics","Logistics","2024-06-09 ","Approved "," USD 822.97","price variance escalated; cost center 102 "
"INV-205918","Astra Supplies ","Cloud","2024-05-15 "," Approved "," $9,524.24 "," match to PO required; cost center 110 "
"INV-679004","Lumen Analytics ","Facility ","2024-03-15 ","On Hold","USD 5, 423.91"," requires VAT documentation; cost center 105"
"INV-616385"," Astra Supplies"," Facility "," 2024-05-30 "," Approved "," $8,324.68"," price variance escalated; cost center 118 "
"INV-544337","Lumen Analytics","Professional Services ","2024-03-22"," Approved "," USD 7, 228.00 ","price variance escalated; cost center 109"
"INV-549809"," Vertex Log. "," Software"," 2024-02-12"," Approved","$3,579.97 ","price variance escalated; cost center 110"
"INV-409765"," Astra suppl. ","Facility "," 2024-04-28 "," Approved","$2,573.61","pending shipping confirmation; cost center 109 "
"INV-980191"," Helios Robotix ","Hardware"," 2024-03-03 "," Pending "," USD 8,419.45","match to PO required; cost center 118"
"INV-292928"," Lumen Analytics "," Software ","2024-04-27"," Pending ","$1,825.11"," match to PO required; cost center 117 "
"INV-733735","Lumen-Analytics "," Software ","2024-05-03"," Approved ","USD 2,374.00","pending shipping confirmation; cost center 100 "
"INV-723626"," VertexLogistics","Cloud","2024-05-06 ","Pending ","USD 2, 612.10","pending shipping confirmation; cost center 117 "
"INV-645806"," Astra Spp ","Facility"," 2024-09-14 "," Pending "," $8,678.54","price variance escalated; cost center 109 "
"INV-193689"," Helios Robotics ","Hardware "," 2024-08-02 ","Approved "," $1,440.34"," three-way match complete; cost center 104 "
"INV-933708","Zenith Components "," Facility"," 2024-04-30"," Pending","USD 4, 411.34 "," match to PO required; cost center 105"
"INV-545613"," Nova-Packaging ","Professional Services "," 2024-09-01"," On Hold","$1,674.34"," price variance escalated; cost center 115 "
"INV-144193"," HELIOS ROBOTICS"," Cloud"," 2024-01-25 "," Approved ","$3,960.42"," three-way match complete; cost center 105"
"INV-273240"," Nova-Packaging","Logistics"," 2024-01-19"," Approved "," USD 5, 238.53","match to PO required; cost center 108"
"INV-347871"," Nova Packaging"," Logistics","2024-06-13"," Rejected"," $2,701.20 ","pending shipping confirmation; cost center 116"
"INV-577771"," Vertex Log. "," Logistics ","2024-04-27"," Rejected","USD 8, 471.48","three-way match complete; cost center 115"
"INV-562485","Helios Robotix ","Facility "," 2024-06-21"," On Hold","USD 4,147.34"," vendor submitted via portal; cost center 103 "
"INV-644339","Zenith Comp.","Cloud ","2024-08-08"," Approved "," USD 2, 789.09","match to PO required; cost center 111"
"INV-899378"," HeliosRobotics "," Logistics "," 2024-04-09 "," Pending "," $5,165.87","vendor submitted via portal; cost center 117 "
"INV-842609"," Novapackaging ","Cloud "," 2024-05-24 "," Approved","USD 8,637.91 "," requires VAT documentation; cost center 111 "
"INV-227877","Helios-Robotics ","Facility","2024-03-29 ","On Hold ","USD 5, 287.16 "," match to PO required; cost center 109"
"INV-211247"," AstraSupply ","Logistics","2024-08-04","On Hold"," USD 2, 251.76 ","match to PO required; cost center 105 "
"INV-749669","Lumen-Analytics"," Cloud "," 2024-08-21 "," Approved"," USD 8, 614.77"," vendor submitted via portal; cost center 102"
"INV-437197"," LumenAnalytic"," Professional Services"," 2024-03-17 ","Pending"," $3,384.90 "," vendor submitted via portal; cost center 111"
"INV-437197"," LumenAnalytics"," Professional Services "," 2024-03-17"," Pending","$3,384.90 ","duplicate submit; consolidate in close process"
"INV-995102"," HELIOS ROBOTICS ","Logistics","2024-03-03 ","Approved","$2,661.63 "," three-way match complete; cost center 110 "
"INV-995862","Lumen Analytix"," Hardware"," 2024-03-17 "," On Hold ","$3,925.22 ","requires VAT documentation; cost center 103 "
"INV-395198","Vertex Log.","Hardware "," 2024-06-26 ","Approved"," USD 7,802.58","requires VAT documentation; cost center 105 "
"INV-764793","Vertex Logistics"," Cloud "," 2024-01-14 "," On Hold"," $5,594.08 ","vendor submitted via portal; cost center 107 "
"INV-166388","Zenith Component "," Logistics "," 2024-04-18 ","Approved ","$5,250.79 ","match to PO required; cost center 116"
"INV-453598","Lumen Analytix "," Cloud ","2024-04-16","Pending"," USD 7, 446.32 ","requires VAT documentation; cost center 118"
"INV-575831","Nova Packg."," Software","2024-05-26 "," Approved "," $560.17"," vendor submitted via portal; cost center 104"
"INV-575831"," Nova Packaging ","Software","2024-05-26 ","Approved","$560.17"," duplicate submit; consolidate in close process "
"INV-252825"," Nova Packaging"," Software ","2024-01-03","Pending ","$2,824.43 ","three-way match complete; cost center 105 "
"INV-882725"," VertexLogistics "," Cloud"," 2024-05-02 ","Approved","$672.42 ","match to PO required; cost center 116 "
"INV-111349","Astra Spp","Logistics","2024-04-21 "," Pending ","USD 6,800.60","requires VAT documentation; cost center 102 "
"INV-924208","Vertex-Logistics ","Professional Services ","2024-02-22","Approved ","$3,237.28 "," requires VAT documentation; cost center 103 "
"INV-377806"," Vertex-Logistics","Logistics","2024-07-16","Pending"," USD 9, 347.83 ","price variance escalated; cost center 107 "
"INV-707528"," HELIOS ROBOTICS","Logistics ","2024-09-10"," Approved","$7,208.52","vendor submitted via portal; cost center 110 "
"INV-284750"," NovaPack ","Professional Services "," 2024-03-08","Approved ","$4,480.72","price variance escalated; cost center 102"
"INV-307640","VertexLogistics","Professional Services","2024-03-02","On Hold ","$8,862.15 ","price variance escalated; cost center 117 "
"INV-541839","Nova Packaging"," Professional Services "," 2024-08-15"," Pending "," $9,343.91 "," requires VAT documentation; cost center 107 "
"INV-982520","LumenAnalytics ","Hardware","2024-05-28"," Approved","USD 1,937.47 "," pending shipping confirmation; cost center 118"
"INV-818119","Helios Robotics "," Facility"," 2024-03-06"," Approved "," USD 4, 055.32"," requires VAT documentation; cost center 100"
"INV-464301"," Zenith Components"," Hardware"," 2024-06-20 "," Approved "," $1,833.97","match to PO required; cost center 106"
"INV-760369","AstraSupply "," Facility"," 2024-09-04","Approved"," USD 5, 537.77","requires VAT documentation; cost center 112"
"INV-917281","LumenAnalytic ","Hardware"," 2024-01-01"," Pending "," USD 1,722.77 "," price variance escalated; cost center 102 "
"INV-397171","AstraSupply"," Professional Services ","2024-06-05"," On Hold","$7,107.19","three-way match complete; cost center 110 "
"INV-907968","Zenith Comp. ","Facility"," 2024-05-11"," Pending ","$5,347.61 ","three-way match complete; cost center 103"
"INV-284131","Helios Robotix "," Facility"," 2024-05-23 ","Pending "," USD 5,960.27","price variance escalated; cost center 119 "
"INV-686292","Zenith-Components "," Logistics "," 2024-01-26"," Approved"," $1,663.28 "," price variance escalated; cost center 100"
"INV-180872"," LumenAnalytics","Professional Services ","2024-01-04 "," Approved ","USD 6, 034.41","requires VAT documentation; cost center 102 "
"INV-738802"," NovaPack ","Hardware","2024-05-14","Approved","USD 4,291.24 ","three-way match complete; cost center 102"
"INV-973719","HELIOS ROBOTICS "," Facility"," 2024-03-05","Pending","$6,537.82","price variance escalated; cost center 112"
"INV-404375","AstraSupply ","Facility ","2024-02-07"," Approved"," $9,709.74 ","three-way match complete; cost center 101"
"INV-630570","Vtx Logistics","Facility"," 2024-03-26","Approved "," USD 8,867.66 "," vendor submitted via portal; cost center 100"
"INV-441685","Zenith Component","Logistics","2024-07-31","Approved","$7,083.61 ","requires VAT documentation; cost center 113 "
"INV-960773"," Lumen Analytics "," Cloud "," 2024-08-26 "," Approved","$5,363.99"," vendor submitted via portal; cost center 118 "
"INV-451151","Helios Robotix"," Facility ","2024-01-23 "," Approved ","USD 3, 170.56 "," requires VAT documentation; cost center 108 "
"INV-776620","Astra Supplies"," Hardware"," 2024-07-12 "," Approved ","$3,064.80 ","requires VAT documentation; cost center 105"
"INV-474483","Zenith Components "," Logistics ","2024-07-12"," Approved"," $1,316.11 ","three-way match complete; cost center 116 "
"INV-727716"," VertexLogistics","Software ","2024-06-19","Approved"," $7,813.40 "," three-way match complete; cost center 108"
"INV-985728"," LumenAnalytics ","Logistics"," 2024-07-24 ","Pending ","USD 1, 424.57 "," pending shipping confirmation; cost center 100"
"INV-985728"," LumenAnalytics"," Logistics"," 2024-07-24","Pending ","USD 1, 424.57","duplicate submit; consolidate in close process "
"INV-365996","Nova-Packaging"," Hardware ","2024-05-02 "," Approved "," $4,411.77","price variance escalated; cost center 114 "
"INV-104159","Astra suppl. "," Cloud ","2024-06-27","Approved "," $1,688.47 ","price variance escalated; cost center 100 "
"INV-395132","Helios Robotix "," Facility","2024-09-28"," Rejected "," $4,471.76","price variance escalated; cost center 109"
"INV-424496","Nova-Packaging"," Cloud ","2024-02-11 ","On Hold","$3,241.62"," three-way match complete; cost center 103 "
"INV-610490"," LumenAnalytic ","Professional Services"," 2024-07-19","On Hold","USD 5, 036.34 ","pending shipping confirmation; cost center 113 "
"INV-761942"," Zenith-Components ","Professional Services","2024-09-27 "," Pending ","$3,326.05","vendor submitted via portal; cost center 106 "
"INV-761942"," Zenith-Components "," Professional Services"," 2024-09-27 "," Pending"," $3,326.05"," duplicate submit; consolidate in close process "
"INV-942995"," Vertex Log. ","Logistics ","2024-03-15"," On Hold "," USD 9, 390.00"," price variance escalated; cost center 103 "
"INV-215422","VertexLogistics ","Facility "," 2024-07-07","Approved ","$4,299.92","match to PO required; cost center 116"
"INV-350315","Vertex-Logistics"," Hardware"," 2024-08-25 "," Approved","USD 2,562.32","price variance escalated; cost center 110 "
"INV-634540"," Helios-Robotics"," Logistics ","2024-02-11 ","On Hold "," $6,201.32 "," pending shipping confirmation; cost center 111"
"INV-804473","LumenAnalytic","Logistics "," 2024-01-05","Approved ","$798.68"," match to PO required; cost center 112"
"INV-340201"," Novapackaging ","Facility","2024-07-20"," Approved ","USD 3, 297.76 "," match to PO required; cost center 100 "
"INV-693335","Lumen Analytix","Software"," 2024-06-25 "," Approved"," USD 1, 889.47","match to PO required; cost center 114"
"INV-605448","Novapackaging "," Software","2024-03-07 ","Pending"," $9,529.72 "," three-way match complete; cost center 117"
"INV-605448","Nova Packaging ","Software","2024-03-07","Pending ","$9,529.72","duplicate submit; consolidate in close process "
"INV-377303","Vertex Log."," Software","2024-09-12","On Hold "," $4,147.60 ","three-way match complete; cost center 119 "
"INV-486961"," AstraSupply"," Facility"," 2024-08-11","Rejected "," USD 8, 339.56 "," vendor submitted via portal; cost center 103"
"INV-486961"," Astra-Supplies"," Facility ","2024-08-11","Rejected "," USD 8, 339.56 ","duplicate submit; consolidate in close process"
"INV-314516"," Zenith Components","Facility ","2024-06-25","Pending","USD 6,270.42"," three-way match complete; cost center 103"
"INV-262893","VertexLogistics"," Facility "," 2024-02-04"," On Hold "," USD 2,150.54","three-way match complete; cost center 116 "
"INV-466786"," NovaPack ","Facility"," 2024-03-27"," Approved","$3,403.58","requires VAT documentation; cost center 116 "
"INV-919804"," Lumen Analytix ","Software ","2024-05-26","Pending ","$8,083.07","vendor submitted via portal; cost center 113"
"INV-919804","LumenAnalytics"," Software"," 2024-05-26","Pending","$8,083.07"," duplicate submit; consolidate in close process "
"INV-816551","Astra Supplies"," Professional Services ","2024-09-01"," Approved"," USD 1,042.47","price variance escalated; cost center 114 "
"INV-144672","HELIOS ROBOTICS"," Facility","2024-05-19"," Pending ","$7,596.67"," three-way match complete; cost center 112 "
"INV-332239","Helios Robotics ","Cloud "," 2024-06-21 "," Rejected"," USD 5, 293.12 "," pending shipping confirmation; cost center 103 "
"INV-332239","HELIOS ROBOTICS "," Cloud"," 2024-06-21"," Rejected "," USD 5, 293.12"," duplicate submit; consolidate in close process"
"INV-538004"," Lumen-Analytics ","Software"," 2024-03-25","Approved ","USD 4,509.41 ","three-way match complete; cost center 111"
"INV-504630","VertexLogistics "," Hardware"," 2024-05-17 "," On Hold"," $6,088.00","pending shipping confirmation; cost center 116"
"INV-243575","ZenithComponents","Logistics"," 2024-06-17","Pending "," USD 3,746.89"," requires VAT documentation; cost center 103"
"INV-243575","ZenithComponents"," Logistics","2024-06-17 "," Pending "," USD 3,746.89 "," duplicate submit; consolidate in close process "
"INV-448978","Lumen-Analytics"," Facility ","2024-05-13","Rejected "," $2,814.82 ","requires VAT documentation; cost center 108 "
"INV-111266","VertexLogistics","Logistics ","2024-03-30 ","Rejected"," $8,988.00"," price variance escalated; cost center 115 "
"INV-506572"," VertexLogistics","Software ","2024-05-17 "," Approved ","$4,299.03","pending shipping confirmation; cost center 106"
"INV-264194","Vtx Logistics ","Hardware "," 2024-04-20 "," Pending","USD 2, 832.25","vendor submitted via portal; cost center 117 "
"INV-877541","LumenAnalytic"," Professional Services"," 2024-06-14 ","Approved ","$8,363.21","requires VAT documentation; cost center 118 "
"INV-289705"," Astra-Supplies ","Facility "," 2024-05-18"," On Hold"," USD 3, 573.12","pending shipping confirmation; cost center 105"
"INV-809947","HELIOS ROBOTICS "," Software ","2024-09-11 "," On Hold ","$2,579.99","match to PO required; cost center 118 "
"INV-809947"," HeliosRobotics","Software","2024-09-11","On Hold","$2,579.99","duplicate submit; consolidate in close process "
"INV-113168"," Zenith Comp.","Software","2024-08-16 ","Approved ","$8,248.88 ","price variance escalated; cost center 109 "
"INV-807783"," HELIOS ROBOTICS "," Facility"," 2024-04-11","Pending "," $891.27 "," match to PO required; cost center 100"
"INV-909649","HELIOS ROBOTICS","Facility","2024-09-06"," Approved ","$5,360.53"," pending shipping confirmation; cost center 119"
"INV-909649","Helios-Robotics "," Facility "," 2024-09-06 ","Approved "," $5,360.53 ","duplicate submit; consolidate in close process"
"INV-329412","Zenith Components","Software","2024-02-11 "," Approved ","$6,703.15 ","match to PO required; cost center 101"
"INV-470323","Astra-Supplies ","Logistics ","2024-06-11 "," Approved "," USD 5, 666.96","vendor submitted via portal; cost center 102"
"INV-416808","Astra Supplies"," Professional Services"," 2024-07-11"," Approved","USD 8,965.71"," price variance escalated; cost center 111 "
"INV-643290","LumenAnalytics "," Hardware"," 2024-07-08 ","Pending "," $1,414.69"," three-way match complete; cost center 115"
"INV-459350","HeliosRobotics","Logistics"," 2024-05-31","Approved ","$4,574.99 "," pending shipping confirmation; cost center 103 "
"INV-630830"," Astra-Supplies "," Software ","2024-03-18 "," Approved"," $9,050.68","requires VAT documentation; cost center 115"
"INV-217347","Nova Packg. "," Software"," 2024-06-03"," Approved","$4,365.64 "," requires VAT documentation; cost center 112 "
"INV-343951","NovaPack "," Logistics "," 2024-08-24 "," Approved ","$1,056.72 ","requires VAT documentation; cost center 105 "
"INV-803376"," Nova Packg."," Professional Services","2024-04-18"," Pending ","USD 4,719.83"," price variance escalated; cost center 101 "
"INV-803376"," Novapackaging "," Professional Services"," 2024-04-18 "," Pending ","USD 4,719.83"," duplicate submit; consolidate in close process "
"INV-547518","Vertex Log."," Facility","2024-08-07"," Approved","$2,186.26 "," pending shipping confirmation; cost center 116 "
"INV-284804","NovaPack"," Software ","2024-08-03 "," Approved ","USD 6, 754.95","price variance escalated; cost center 116"
"INV-374466"," LumenAnalytic"," Cloud"," 2024-04-15","Approved","USD 1,790.11","three-way match complete; cost center 118"
"INV-459887","Helios-Robotics","Cloud "," 2024-09-21","Pending ","$2,141.31","vendor submitted via portal; cost center 114"
"INV-713762"," Zenith Comp. "," Logistics ","2024-04-14 ","Approved "," USD 5,405.86"," vendor submitted via portal; cost center 111 "
"INV-624951"," Nova Packg.","Logistics"," 2024-07-14 ","Pending","USD 5, 034.38","pending shipping confirmation; cost center 113"
"INV-741348"," Helios-Robotics ","Software"," 2024-09-12 ","Approved"," USD 9, 228.03 "," price variance escalated; cost center 117 "
"INV-687304"," LumenAnalytic ","Software","2024-06-17 "," On Hold"," USD 1,530.54 ","vendor submitted via portal; cost center 104"
"INV-284747"," Vertex Log.","Logistics","2024-08-25 "," Approved "," $5,629.85"," price variance escalated; cost center 110"
"INV-184663"," Vertex-Logistics "," Cloud"," 2024-02-06","Rejected","$1,281.99","vendor submitted via portal; cost center 109 "
"INV-601040"," Helios Robotics "," Cloud ","2024-07-27 ","Approved"," $6,101.69 ","match to PO required; cost center 114 "
"INV-601040"," Helios-Robotics "," Cloud ","2024-07-27","Approved ","$6,101.69 ","duplicate submit; consolidate in close process"
"INV-295526"," Zenith Components "," Logistics ","2024-09-07","Approved "," $7,162.41","pending shipping confirmation; cost center 109"
"INV-867032"," HeliosRobotics"," Cloud ","2024-03-17 ","On Hold","USD 8, 152.81","match to PO required; cost center 106"
"INV-163261"," NovaPack "," Facility","2024-02-09","Approved ","USD 6, 714.98 "," requires VAT documentation; cost center 109"
"INV-663611","Helios Robotics "," Professional Services "," 2024-06-26"," Approved"," USD 1, 348.25 ","three-way match complete; cost center 114"
"INV-691128","Helios Robotics ","Facility"," 2024-02-10 "," Approved "," USD 9, 660.07"," pending shipping confirmation; cost center 111 "
"INV-590573"," Zenith Components"," Facility"," 2024-04-06 ","Approved","$3,363.73","requires VAT documentation; cost center 119 "